<?xml version="1.0" encoding="UTF-8"?>
<project-private xmlns="http://www.netbeans.org/ns/project-private/1">
    <editor-bookmarks xmlns="http://www.netbeans.org/ns/editor-bookmarks/2" lastBookmarkId="0"/>
    <open-files xmlns="http://www.netbeans.org/ns/projectui-open-files/2">
        <group>
            <file>file:/C:/xampp/htdocs/cad/view/cadastropacientes.php</file>
            <file>file:/C:/xampp/htdocs/cad/dao/PacienteDao.php</file>
            <file>file:/C:/xampp/htdocs/cad/bl/PacientesBl.php</file>
            <file>file:/C:/xampp/htdocs/cad/model/Consulta.php</file>
            <file>file:/C:/xampp/htdocs/cad/common/respostas.php</file>
            <file>file:/C:/xampp/htdocs/cad/model/Pacientes.php</file>
        </group>
    </open-files>
</project-private>
